<?xml version="1.0"?>
<!-- If your plugin wants to add menu items to it's submenu off the new Extensions menu,
     define them here. Each should have a unique menu id, a Name, and either a CallbackMethod
     or a ConfigUI element.

     Specify a single CallbackMethod if your menu item doesn't need any kind of UI.

     Specify a ConfigUI element that describes a configuration UI that will be shown
     when the user selects the menu. You may also specify an actionId attribute on
     a closed ConfigUI element that specifies an action defined in the Actions.xml
     that will be used for the UI.
-->
<MenuItems>
    <MenuItem id="manageDevices">
        <Name>Manage Devices...</Name>
        <ConfigUI>
            <Field id="showLimitMessage" type="checkbox" hidden="true" defaultValue="False">
                <Label/>
            </Field>
            <Field id="showLimitMessageLabel" type="label" fontColor="red" fontSize="small" visibleBindingId="showLimitMessage" visibleBindingValue="true">
                <Label>You have reached 27 device limit imposed by Alexa. Consider Device Groups to group similar devices into a single device.</Label>
            </Field>
            <Field id="sourceDeviceMenu" type="menu">
                <Label>Device to publish:</Label>
                <List class="self" method="devicesWithOnState"/>
                <CallbackMethod>selectDeviceToAdd</CallbackMethod>
            </Field>
            <Field id="enableAltNameField" type="checkbox" hidden="true" defaultValue="False">
                <Label/>
            </Field>
            <Field id="altName" type="textfield" enabledBindingId="enableAltNameField">
                <Label>Alternate name:</Label>
            </Field>
            <Field id="altNameLabel" type="label" fontColor="darkgray" fontSize="small" alignWithControl="true">
                <Label>If you want Alexa to recognize a different name for this device, enter it above. Otherwise, leave it blank to use the default device name.</Label>
            </Field>
            <Field id="addDevice" type="button" enabledBindingId="enableAltNameField">
                <Label/>
                <Title>Add/Update Device</Title>
                <CallbackMethod>addDevice</CallbackMethod>
            </Field>
            <Field id="sep1" type="separator"/>
            <Field id="publishedLabel" type="label" fontColor="darkgray">
                <Label>This is the list of devices currently published to the bridge. There is a limit of 27 devices currently imposed by the Amazon implementation. If you specified an alternate name, it will show in parenthesis after the Indigo name.</Label>
            </Field>
            <Field id="memberDeviceList" type="list" rows="15">
                <Label>Published devices:</Label>
                <List class="self" method="memberDevices" dynamicReload="true"/>
            </Field>
            <Field id="deleteDevices" type="button">
                <Label/>
                <Title>Delete Devices</Title>
                <CallbackMethod>deleteDevices</CallbackMethod>
            </Field>
        </ConfigUI>
    </MenuItem>
	<MenuItem id="sep0"/>
    <MenuItem id="startDiscovery">
        <Name>Start Discovery...</Name>
        <ConfigUI actionId="startDiscovery"/>
    </MenuItem>
    <MenuItem id="stopDiscovery">
        <Name>Stop Discovery</Name>
        <CallbackMethod>stopDiscovery</CallbackMethod>
    </MenuItem>
	<MenuItem id="sep1"/>
	<MenuItem id="menu2">
		<Name>Toggle Debugging</Name>
        <CallbackMethod>toggleDebugging</CallbackMethod>
	</MenuItem>
</MenuItems>
